{
  "inventory": [
    {
      "id": 1767727628717,
      "name": "Spiral Fidget",
      "code": "000",
      "category": "Toy",
      "image": "Media/Products/8a5afbc9-0fa9-4e5f-a9e9-ba1de40aa357.jpg",
      "variants": [
        {
          "ext": "1",
          "name": "Spiral Fidget",
          "qty": 6,
          "actual": 1,
          "selling": 400,
          "image": "Media/Products/8a5afbc9-0fa9-4e5f-a9e9-ba1de40aa357.jpg"
        }
      ],
      "createdAt": "2026-01-06T19:27:08.717Z"
    },
    {
      "id": 1767727678147,
      "name": "Small Spiral Fidget",
      "code": "000",
      "category": "Toy",
      "image": "Media/Products/8a5afbc9-0fa9-4e5f-a9e9-ba1de40aa357.jpg",
      "variants": [
        {
          "ext": "0",
          "name": "Small Spiral Fidget",
          "qty": 5,
          "actual": 1,
          "selling": 100,
          "image": "Media/Products/8a5afbc9-0fa9-4e5f-a9e9-ba1de40aa357.jpg"
        }
      ],
      "createdAt": "2026-01-06T19:27:58.147Z"
    },
    {
      "id": 1767727942132,
      "name": "Mixed Spiral Fidget",
      "code": "000",
      "category": "Toy",
      "image": "Media/Products/8a5afbc9-0fa9-4e5f-a9e9-ba1de40aa357.jpg",
      "variants": [
        {
          "ext": "0",
          "name": "Mixed color spiral Fidget",
          "qty": 1,
          "actual": 1,
          "selling": 200,
          "image": "Media/Products/8a5afbc9-0fa9-4e5f-a9e9-ba1de40aa357.jpg"
        }
      ],
      "createdAt": "2026-01-06T19:32:22.132Z"
    },
    {
      "id": 1767728029664,
      "name": "Finger fidget",
      "code": "000",
      "category": "Toy",
      "image": "Media/Products/8a5afbc9-0fa9-4e5f-a9e9-ba1de40aa357.jpg",
      "variants": [
        {
          "ext": "0",
          "name": "Fidget",
          "qty": 1,
          "actual": 1,
          "selling": 200,
          "image": "Media/Products/8a5afbc9-0fa9-4e5f-a9e9-ba1de40aa357.jpg"
        }
      ],
      "createdAt": "2026-01-06T19:33:49.664Z"
    },
    {
      "id": 1767728087911,
      "name": "Rubber band fidget",
      "code": "000",
      "category": "Toy",
      "image": "Media/Products/8a5afbc9-0fa9-4e5f-a9e9-ba1de40aa357.jpg",
      "variants": [
        {
          "ext": "0",
          "name": "Fridget",
          "qty": 1,
          "actual": 1,
          "selling": 200,
          "image": "Media/Products/8a5afbc9-0fa9-4e5f-a9e9-ba1de40aa357.jpg"
        }
      ],
      "createdAt": "2026-01-06T19:34:47.911Z"
    },
    {
      "id": 1767728128257,
      "name": "Shooter Fidget",
      "code": "000",
      "category": "Toy",
      "image": "Media/Products/8a5afbc9-0fa9-4e5f-a9e9-ba1de40aa357.jpg",
      "variants": [
        {
          "ext": "0",
          "name": "Fidget",
          "qty": 1,
          "actual": 1,
          "selling": 150,
          "image": "Media/Products/8a5afbc9-0fa9-4e5f-a9e9-ba1de40aa357.jpg"
        }
      ],
      "createdAt": "2026-01-06T19:35:28.257Z"
    },
    {
      "id": 1767728219362,
      "name": "Gear Chain fidget",
      "code": "000",
      "category": "Toy",
      "image": "Media/Products/8a5afbc9-0fa9-4e5f-a9e9-ba1de40aa357.jpg",
      "variants": [
        {
          "ext": "0",
          "name": "Fridget",
          "qty": 7,
          "actual": 1,
          "selling": 200,
          "image": "Media/Products/8a5afbc9-0fa9-4e5f-a9e9-ba1de40aa357.jpg"
        }
      ],
      "createdAt": "2026-01-06T19:36:59.362Z"
    },
    {
      "id": 1767728259824,
      "name": "Spinner top",
      "code": "000",
      "category": "Toy",
      "image": "Media/Products/8a5afbc9-0fa9-4e5f-a9e9-ba1de40aa357.jpg",
      "variants": [
        {
          "ext": "0",
          "name": "Spinning top",
          "qty": 16,
          "actual": 1,
          "selling": 200,
          "image": "Media/Products/8a5afbc9-0fa9-4e5f-a9e9-ba1de40aa357.jpg"
        }
      ],
      "createdAt": "2026-01-06T19:37:39.824Z"
    },
    {
      "id": 1767728319108,
      "name": "Fairy",
      "code": "000",
      "category": "Toy",
      "image": "Media/Products/8a5afbc9-0fa9-4e5f-a9e9-ba1de40aa357.jpg",
      "variants": [
        {
          "ext": "0",
          "name": "Fairy",
          "qty": 3,
          "actual": 1,
          "selling": 250,
          "image": "Media/Products/8a5afbc9-0fa9-4e5f-a9e9-ba1de40aa357.jpg"
        }
      ],
      "createdAt": "2026-01-06T19:38:39.108Z"
    },
    {
      "id": 1767728397499,
      "name": "Panda keychain",
      "code": "000",
      "category": "Keychain",
      "image": "Media/Products/8a5afbc9-0fa9-4e5f-a9e9-ba1de40aa357.jpg",
      "variants": [
        {
          "ext": "0",
          "name": "Panda",
          "qty": 2,
          "actual": 1,
          "selling": 150,
          "image": "Media/Products/8a5afbc9-0fa9-4e5f-a9e9-ba1de40aa357.jpg"
        }
      ],
      "createdAt": "2026-01-06T19:39:57.499Z"
    },
    {
      "id": 1767728429980,
      "name": "Lines Rabbit",
      "code": "000",
      "category": "Toy",
      "image": "Media/Products/8a5afbc9-0fa9-4e5f-a9e9-ba1de40aa357.jpg",
      "variants": [
        {
          "ext": "0",
          "name": "Rabbit",
          "qty": 1,
          "actual": 1,
          "selling": 150,
          "image": "Media/Products/8a5afbc9-0fa9-4e5f-a9e9-ba1de40aa357.jpg"
        }
      ],
      "createdAt": "2026-01-06T19:40:29.980Z"
    },
    {
      "id": 1767728466777,
      "name": "Rose",
      "code": "000",
      "category": "Toy",
      "image": "Media/Products/8a5afbc9-0fa9-4e5f-a9e9-ba1de40aa357.jpg",
      "variants": [
        {
          "ext": "0",
          "name": "Rose",
          "qty": 1,
          "actual": 1,
          "selling": 100,
          "image": "Media/Products/8a5afbc9-0fa9-4e5f-a9e9-ba1de40aa357.jpg"
        }
      ],
      "createdAt": "2026-01-06T19:41:06.777Z"
    },
    {
      "id": 1767728494644,
      "name": "Dress Vases",
      "code": "000",
      "category": "Vases",
      "image": "Media/Products/8a5afbc9-0fa9-4e5f-a9e9-ba1de40aa357.jpg",
      "variants": [
        {
          "ext": "0",
          "name": "Dress",
          "qty": 3,
          "actual": 1,
          "selling": 350,
          "image": "Media/Products/8a5afbc9-0fa9-4e5f-a9e9-ba1de40aa357.jpg"
        }
      ],
      "createdAt": "2026-01-06T19:41:34.644Z"
    },
    {
      "id": 1767728532379,
      "name": "Hoodie holder",
      "code": "000",
      "category": "Holder",
      "image": "Media/Products/8a5afbc9-0fa9-4e5f-a9e9-ba1de40aa357.jpg",
      "variants": [
        {
          "ext": "0",
          "name": "Hoodie",
          "qty": 3,
          "actual": 1,
          "selling": 400,
          "image": "Media/Products/8a5afbc9-0fa9-4e5f-a9e9-ba1de40aa357.jpg"
        }
      ],
      "createdAt": "2026-01-06T19:42:12.379Z"
    },
    {
      "id": 1767728563439,
      "name": "Small Rabbits",
      "code": "000",
      "category": "Tou",
      "image": "Media/Products/8a5afbc9-0fa9-4e5f-a9e9-ba1de40aa357.jpg",
      "variants": [
        {
          "ext": "0",
          "name": "Rabbit",
          "qty": 18,
          "actual": 1,
          "selling": 25,
          "image": "Media/Products/8a5afbc9-0fa9-4e5f-a9e9-ba1de40aa357.jpg"
        }
      ],
      "createdAt": "2026-01-06T19:42:43.439Z"
    },
    {
      "id": 1767728592539,
      "name": "Earrings",
      "code": "000",
      "category": "Earrings",
      "image": "Media/Products/8a5afbc9-0fa9-4e5f-a9e9-ba1de40aa357.jpg",
      "variants": [
        {
          "ext": "0",
          "name": "Earrings",
          "qty": 3,
          "actual": 1,
          "selling": 100,
          "image": "Media/Products/8a5afbc9-0fa9-4e5f-a9e9-ba1de40aa357.jpg"
        }
      ],
      "createdAt": "2026-01-06T19:43:12.539Z"
    },
    {
      "id": 1767728633006,
      "name": "Dragon",
      "code": "000",
      "category": "Toy",
      "image": "Media/Products/8a5afbc9-0fa9-4e5f-a9e9-ba1de40aa357.jpg",
      "variants": [
        {
          "ext": "0",
          "name": "Dragon",
          "qty": 4,
          "actual": 1,
          "selling": 200,
          "image": "Media/Products/8a5afbc9-0fa9-4e5f-a9e9-ba1de40aa357.jpg"
        }
      ],
      "createdAt": "2026-01-06T19:43:53.006Z"
    },
    {
      "id": 1767728653383,
      "name": "Gadha",
      "code": "000",
      "category": "Fidget",
      "image": "Media/Products/8a5afbc9-0fa9-4e5f-a9e9-ba1de40aa357.jpg",
      "variants": [
        {
          "ext": "0",
          "name": "Gadha",
          "qty": 1,
          "actual": 1,
          "selling": 150,
          "image": "Media/Products/8a5afbc9-0fa9-4e5f-a9e9-ba1de40aa357.jpg"
        }
      ],
      "createdAt": "2026-01-06T19:44:13.383Z"
    },
    {
      "id": 1767728674579,
      "name": "Fidget rings",
      "code": "000",
      "category": "Fidget",
      "image": "Media/Products/8a5afbc9-0fa9-4e5f-a9e9-ba1de40aa357.jpg",
      "variants": [
        {
          "ext": "0",
          "name": "Rings",
          "qty": 2,
          "actual": 1,
          "selling": 25,
          "image": "Media/Products/8a5afbc9-0fa9-4e5f-a9e9-ba1de40aa357.jpg"
        }
      ],
      "createdAt": "2026-01-06T19:44:34.579Z"
    },
    {
      "id": 1767728723857,
      "name": "Wiggle cat",
      "code": "000",
      "category": "Toy",
      "image": "Media/Products/8a5afbc9-0fa9-4e5f-a9e9-ba1de40aa357.jpg",
      "variants": [
        {
          "ext": "0",
          "name": "Cat",
          "qty": 3,
          "actual": 1,
          "selling": 150,
          "image": "Media/Products/8a5afbc9-0fa9-4e5f-a9e9-ba1de40aa357.jpg"
        }
      ],
      "createdAt": "2026-01-06T19:45:23.857Z"
    },
    {
      "id": 1767728893115,
      "name": "Jewellery Tree",
      "code": "000",
      "category": "Decore",
      "image": "Media/Products/8a5afbc9-0fa9-4e5f-a9e9-ba1de40aa357.jpg",
      "variants": [
        {
          "ext": "0",
          "name": "Tree",
          "qty": 1,
          "actual": 1,
          "selling": 300,
          "image": "Media/Products/8a5afbc9-0fa9-4e5f-a9e9-ba1de40aa357.jpg"
        }
      ],
      "createdAt": "2026-01-06T19:48:13.115Z"
    },
    {
      "id": 1767728919621,
      "name": "Sigma Cat",
      "code": "000",
      "category": "Toy",
      "image": "Media/Products/8a5afbc9-0fa9-4e5f-a9e9-ba1de40aa357.jpg",
      "variants": [
        {
          "ext": "0",
          "name": "Cat",
          "qty": 1,
          "actual": 1,
          "selling": 250,
          "image": "Media/Products/8a5afbc9-0fa9-4e5f-a9e9-ba1de40aa357.jpg"
        }
      ],
      "createdAt": "2026-01-06T19:48:39.621Z"
    },
    {
      "id": 1767728951704,
      "name": "Buddha",
      "code": "000",
      "category": "Toy",
      "image": "Media/Products/8a5afbc9-0fa9-4e5f-a9e9-ba1de40aa357.jpg",
      "variants": [
        {
          "ext": "0",
          "name": "Buddha",
          "qty": 1,
          "actual": 1,
          "selling": 200,
          "image": "Media/Products/8a5afbc9-0fa9-4e5f-a9e9-ba1de40aa357.jpg"
        }
      ],
      "createdAt": "2026-01-06T19:49:11.704Z"
    },
    {
      "id": 1767729091622,
      "name": "Adiyogi",
      "code": "000",
      "category": "Toy",
      "image": "Media/Products/8a5afbc9-0fa9-4e5f-a9e9-ba1de40aa357.jpg",
      "variants": [
        {
          "ext": "0",
          "name": "Adiyogi",
          "qty": 1,
          "actual": 1,
          "selling": 200,
          "image": "Media/Products/8a5afbc9-0fa9-4e5f-a9e9-ba1de40aa357.jpg"
        }
      ],
      "createdAt": "2026-01-06T19:51:31.622Z"
    },
    {
      "id": 1767729190742,
      "name": "Jesus",
      "code": "000",
      "category": "Toy",
      "image": "Media/Products/8a5afbc9-0fa9-4e5f-a9e9-ba1de40aa357.jpg",
      "variants": [
        {
          "ext": "0",
          "name": "Jesus",
          "qty": 2,
          "actual": 1,
          "selling": 150,
          "image": "Media/Products/8a5afbc9-0fa9-4e5f-a9e9-ba1de40aa357.jpg"
        }
      ],
      "createdAt": "2026-01-06T19:53:10.742Z"
    },
    {
      "id": 1767729213799,
      "name": "Spookies",
      "code": "000",
      "category": "Toy",
      "image": "Media/Products/8a5afbc9-0fa9-4e5f-a9e9-ba1de40aa357.jpg",
      "variants": [
        {
          "ext": "0",
          "name": "Spookies",
          "qty": 3,
          "actual": 1,
          "selling": 200,
          "image": "Media/Products/8a5afbc9-0fa9-4e5f-a9e9-ba1de40aa357.jpg"
        }
      ],
      "createdAt": "2026-01-06T19:53:33.799Z"
    },
    {
      "id": 1767729256729,
      "name": "Big cat",
      "code": "000",
      "category": "Toy",
      "image": "Media/Products/8a5afbc9-0fa9-4e5f-a9e9-ba1de40aa357.jpg",
      "variants": [
        {
          "ext": "0",
          "name": "Cat",
          "qty": 1,
          "actual": 1,
          "selling": 250,
          "image": "Media/Products/8a5afbc9-0fa9-4e5f-a9e9-ba1de40aa357.jpg"
        }
      ],
      "createdAt": "2026-01-06T19:54:16.729Z"
    },
    {
      "id": 1767729299303,
      "name": "Maths table pad",
      "code": "000",
      "category": "Educational",
      "image": "Media/Products/8a5afbc9-0fa9-4e5f-a9e9-ba1de40aa357.jpg",
      "variants": [
        {
          "ext": "0",
          "name": "10x Table",
          "qty": 2,
          "actual": 1,
          "selling": 500,
          "image": "Media/Products/8a5afbc9-0fa9-4e5f-a9e9-ba1de40aa357.jpg"
        }
      ],
      "createdAt": "2026-01-06T19:54:59.303Z"
    },
    {
      "id": 1767729339082,
      "name": "Articulated cat",
      "code": "000",
      "category": "Toy",
      "image": "Media/Products/8a5afbc9-0fa9-4e5f-a9e9-ba1de40aa357.jpg",
      "variants": [
        {
          "ext": "0",
          "name": "Cat",
          "qty": 1,
          "actual": 1,
          "selling": 100,
          "image": "Media/Products/8a5afbc9-0fa9-4e5f-a9e9-ba1de40aa357.jpg"
        }
      ],
      "createdAt": "2026-01-06T19:55:39.083Z"
    },
    {
      "id": 1767729390488,
      "name": "Elephant",
      "code": "000",
      "category": "Toy",
      "image": "Media/Products/8a5afbc9-0fa9-4e5f-a9e9-ba1de40aa357.jpg",
      "variants": [
        {
          "ext": "0",
          "name": "Elephant",
          "qty": 2,
          "actual": 1,
          "selling": 100,
          "image": "Media/Products/8a5afbc9-0fa9-4e5f-a9e9-ba1de40aa357.jpg"
        }
      ],
      "createdAt": "2026-01-06T19:56:30.488Z"
    },
    {
      "id": 1767729423387,
      "name": "Small Deer",
      "code": "000",
      "category": "Toy",
      "image": "Media/Products/8a5afbc9-0fa9-4e5f-a9e9-ba1de40aa357.jpg",
      "variants": [
        {
          "ext": "0",
          "name": "Deer",
          "qty": 18,
          "actual": 1,
          "selling": 50,
          "image": "Media/Products/8a5afbc9-0fa9-4e5f-a9e9-ba1de40aa357.jpg"
        }
      ],
      "createdAt": "2026-01-06T19:57:03.387Z"
    },
    {
      "id": 1767730468641,
      "name": "Doraemon",
      "code": "000",
      "category": "Keychain",
      "image": "Media/Products/8a5afbc9-0fa9-4e5f-a9e9-ba1de40aa357.jpg",
      "variants": [
        {
          "ext": "0",
          "name": "Doraemon",
          "qty": 3,
          "actual": 1,
          "selling": 100,
          "image": "Media/Products/8a5afbc9-0fa9-4e5f-a9e9-ba1de40aa357.jpg"
        }
      ],
      "createdAt": "2026-01-06T20:14:28.642Z"
    },
    {
      "id": 1767730498369,
      "name": "One piece",
      "code": "000",
      "category": "Keychain",
      "image": "Media/Products/8a5afbc9-0fa9-4e5f-a9e9-ba1de40aa357.jpg",
      "variants": [
        {
          "ext": "0",
          "name": "One piece",
          "qty": 5,
          "actual": 1,
          "selling": 100,
          "image": "Media/Products/8a5afbc9-0fa9-4e5f-a9e9-ba1de40aa357.jpg"
        }
      ],
      "createdAt": "2026-01-06T20:14:58.369Z"
    },
    {
      "id": 1767730559890,
      "name": "Ghost(scrap)",
      "code": "000",
      "category": "Keychain",
      "image": "Media/Products/8a5afbc9-0fa9-4e5f-a9e9-ba1de40aa357.jpg",
      "variants": [
        {
          "ext": "0",
          "name": "Ghost",
          "qty": 3,
          "actual": 1,
          "selling": 50,
          "image": null
        }
      ],
      "createdAt": "2026-01-06T20:15:59.890Z"
    },
    {
      "id": 1767730593303,
      "name": "One piece (scrap)",
      "code": "000",
      "category": "Keychain",
      "image": "Media/Products/8a5afbc9-0fa9-4e5f-a9e9-ba1de40aa357.jpg",
      "variants": [
        {
          "ext": "0",
          "name": "One piece",
          "qty": 1,
          "actual": 1,
          "selling": 50,
          "image": "Media/Products/8a5afbc9-0fa9-4e5f-a9e9-ba1de40aa357.jpg"
        }
      ],
      "createdAt": "2026-01-06T20:16:33.303Z"
    },
    {
      "id": 1767730661991,
      "name": "Stranger things",
      "code": "000",
      "category": "Keychain",
      "image": "Media/Products/8a5afbc9-0fa9-4e5f-a9e9-ba1de40aa357.jpg",
      "variants": [
        {
          "ext": "0",
          "name": "Stranger things",
          "qty": 9,
          "actual": 1,
          "selling": 150,
          "image": "Media/Products/8a5afbc9-0fa9-4e5f-a9e9-ba1de40aa357.jpg"
        }
      ],
      "createdAt": "2026-01-06T20:17:41.991Z"
    },
    {
      "id": 1767730692421,
      "name": "Pikachu",
      "code": "000",
      "category": "Keychain",
      "image": "Media/Products/8a5afbc9-0fa9-4e5f-a9e9-ba1de40aa357.jpg",
      "variants": [
        {
          "ext": "0",
          "name": "Pikachu",
          "qty": 3,
          "actual": 1,
          "selling": 100,
          "image": "Media/Products/8a5afbc9-0fa9-4e5f-a9e9-ba1de40aa357.jpg"
        }
      ],
      "createdAt": "2026-01-06T20:18:12.421Z"
    },
    {
      "id": 1767730712698,
      "name": "Rabbit",
      "code": "000",
      "category": "Keychain",
      "image": "Media/Products/8a5afbc9-0fa9-4e5f-a9e9-ba1de40aa357.jpg",
      "variants": [
        {
          "ext": "0",
          "name": "Rabbit",
          "qty": 10,
          "actual": 1,
          "selling": 100,
          "image": "Media/Products/8a5afbc9-0fa9-4e5f-a9e9-ba1de40aa357.jpg"
        }
      ],
      "createdAt": "2026-01-06T20:18:32.698Z"
    },
    {
      "id": 1767730734039,
      "name": "Dragon",
      "code": "000",
      "category": "Keychain",
      "image": "Media/Products/8a5afbc9-0fa9-4e5f-a9e9-ba1de40aa357.jpg",
      "variants": [
        {
          "ext": "0",
          "name": "Dragon",
          "qty": 2,
          "actual": 1,
          "selling": 150,
          "image": "Media/Products/8a5afbc9-0fa9-4e5f-a9e9-ba1de40aa357.jpg"
        }
      ],
      "createdAt": "2026-01-06T20:18:54.039Z"
    },
    {
      "id": 1767730764122,
      "name": "Batman",
      "code": "000",
      "category": "Keychain",
      "image": "Media/Products/8a5afbc9-0fa9-4e5f-a9e9-ba1de40aa357.jpg",
      "variants": [
        {
          "ext": "0",
          "name": "Batman",
          "qty": 7,
          "actual": 1,
          "selling": 100,
          "image": null
        }
      ],
      "createdAt": "2026-01-06T20:19:24.122Z"
    },
    {
      "id": 1767730834927,
      "name": "Batman",
      "code": "000",
      "category": "Keychain",
      "image": "Media/Products/8a5afbc9-0fa9-4e5f-a9e9-ba1de40aa357.jpg",
      "variants": [
        {
          "ext": "0",
          "name": "Batman special",
          "qty": 3,
          "actual": 1,
          "selling": 150,
          "image": "Media/Products/8a5afbc9-0fa9-4e5f-a9e9-ba1de40aa357.jpg"
        }
      ],
      "createdAt": "2026-01-06T20:20:34.927Z"
    },
    {
      "id": 1767730865765,
      "name": "Fidget",
      "code": "000",
      "category": "Keychain",
      "image": "Media/Products/8a5afbc9-0fa9-4e5f-a9e9-ba1de40aa357.jpg",
      "variants": [
        {
          "ext": "0",
          "name": "Fidget",
          "qty": 5,
          "actual": 1,
          "selling": 100,
          "image": "Media/Products/8a5afbc9-0fa9-4e5f-a9e9-ba1de40aa357.jpg"
        }
      ],
      "createdAt": "2026-01-06T20:21:05.765Z"
    },
    {
      "id": 1767730961615,
      "name": "Spiral Fidget",
      "code": "000",
      "category": "Keychain",
      "image": "Media/Products/8a5afbc9-0fa9-4e5f-a9e9-ba1de40aa357.jpg",
      "variants": [
        {
          "ext": "0",
          "name": "Spiral Fidget",
          "qty": 3,
          "actual": 1,
          "selling": 100,
          "image": "Media/Products/8a5afbc9-0fa9-4e5f-a9e9-ba1de40aa357.jpg"
        }
      ],
      "createdAt": "2026-01-06T20:22:41.615Z"
    },
    {
      "id": 1767730986330,
      "name": "Hello kitt",
      "code": "000",
      "category": "Keychain",
      "image": "Media/Products/8a5afbc9-0fa9-4e5f-a9e9-ba1de40aa357.jpg",
      "variants": [
        {
          "ext": "0",
          "name": "Hello kitty",
          "qty": 2,
          "actual": 1,
          "selling": 100,
          "image": "Media/Products/8a5afbc9-0fa9-4e5f-a9e9-ba1de40aa357.jpg"
        }
      ],
      "createdAt": "2026-01-06T20:23:06.330Z"
    },
    {
      "id": 1767731009413,
      "name": "Butterfly",
      "code": "000",
      "category": "Keychain",
      "image": "Media/Products/8a5afbc9-0fa9-4e5f-a9e9-ba1de40aa357.jpg",
      "variants": [
        {
          "ext": "0",
          "name": "Butterfly",
          "qty": 4,
          "actual": 1,
          "selling": 100,
          "image": "Media/Products/8a5afbc9-0fa9-4e5f-a9e9-ba1de40aa357.jpg"
        }
      ],
      "createdAt": "2026-01-06T20:23:29.413Z"
    },
    {
      "id": 1767731074172,
      "name": "House",
      "code": "000",
      "category": "Toy",
      "image": "Media/Products/8a5afbc9-0fa9-4e5f-a9e9-ba1de40aa357.jpg",
      "variants": [
        {
          "ext": "0",
          "name": "House",
          "qty": 18,
          "actual": 1,
          "selling": 100,
          "image": "Media/Products/8a5afbc9-0fa9-4e5f-a9e9-ba1de40aa357.jpg"
        }
      ],
      "createdAt": "2026-01-06T20:24:34.172Z"
    },
    {
      "id": 1767731101898,
      "name": "Whistel",
      "code": "000",
      "category": "Keychain",
      "image": "Media/Products/8a5afbc9-0fa9-4e5f-a9e9-ba1de40aa357.jpg",
      "variants": [
        {
          "ext": "0",
          "name": "Whistel",
          "qty": 17,
          "actual": 1,
          "selling": 25,
          "image": "Media/Products/8a5afbc9-0fa9-4e5f-a9e9-ba1de40aa357.jpg"
        }
      ],
      "createdAt": "2026-01-06T20:25:01.898Z"
    },
    {
      "id": 1769667446399,
      "name": "test",
      "code": "99",
      "category": "1",
      "image": "Media/Products/5c7df31a-6220-4554-a9a7-64f62e2aba68.png",
      "variants": [
        {
          "ext": "1",
          "name": "red",
          "qty": 1,
          "actual": 1,
          "selling": 2,
          "image": null
        }
      ],
      "createdAt": "2026-01-29T06:17:25.949Z"
    }
  ],
  "transactions": [],
  "investments": [
    {
      "id": 1767733501500,
      "date": "2026-01-01",
      "description": "BambuLabs A1 Mini Printer Combo",
      "category": "Machinery",
      "amount": 29800,
      "image": "Media/Products/b7f409b13ca2417db6d710004f4bc3a8.jpg"
    },
    {
      "id": 1767733598613,
      "date": "2026-01-01",
      "description": "Filaments X 12",
      "category": "Bulk Order",
      "amount": 9600,
      "image": ""
    },
    {
      "id": 1767733632725,
      "date": "2026-01-01",
      "description": "Stalls",
      "category": "Other",
      "amount": 3500,
      "image": ""
    },
    {
      "id": 1767871276274,
      "date": "0225-02-12T00:00:00.000Z",
      "description": "a1",
      "category": "Machinery",
      "amount": 9,
      "image": null
    }
  ],
  "maintenance": [],
  "customers": [
    {
      "id": "1767702429583",
      "name": "Bb",
      "contact": "788777",
      "handle": ""
    }
  ],
  "settings": {
    "currency": "INR",
    "businessName": "Cosmic Corner Book",
    "lastBackup": null,
    "lowStockThreshold": 10
  }
}