{
  "inventory": [
    {
      "id": "ca95f3d6-6b6e-4af9-8eac-59fe90822eeb",
      "name": "nfgn",
      "sku": "df",
      "category": "fd",
      "image": "Media/Products/6958e67e-9c66-4c81-afba-de5964d367e2.jpg",
      "price": 401,
      "cost": 111,
      "stock": 33,
      "variants": [
        {
          "id": "5b358f30-8c7c-474a-95f1-752d744a5ec0",
          "ext": "df",
          "name": "dfgyui",
          "stock": 22,
          "cost": 111,
          "price": 401,
          "image": null
        },
        {
          "id": "eaf693aa-93b1-496c-a033-73b7529c9c61",
          "ext": "dfffhhh",
          "name": "dfgyuihhh",
          "stock": 11,
          "cost": 111,
          "price": 402,
          "image": null
        }
      ]
    }
  ],
  "transactions": [],
  "investments": [],
  "maintenance": [],
  "customers": [],
  "settings": {
    "currency": "INR",
    "businessName": "Cosmic Corner Book",
    "lastBackup": null,
    "lowStockThreshold": 10
  }
}