[
  {
    "formName": "My Product Form",
    "productName": "aa",
    "qty": 1,
    "amount": 12,
    "timestamp": "2026-01-12T07:32:53.317Z"
  },
  {
    "formName": "Athena",
    "productName": "aaqqq",
    "qty": 12,
    "amount": 12,
    "timestamp": "2026-01-12T07:33:19.643Z"
  },
  {
    "formName": "My Formsdvsdvs",
    "productName": "v",
    "qty": 1,
    "amount": 111,
    "timestamp": "2026-01-12T09:52:05.068Z"
  },
  {
    "formName": "ABCD",
    "productName": "aaqsdqd",
    "qty": 1,
    "amount": 1,
    "timestamp": "2026-01-12T09:52:37.699Z"
  }
]